Workbook
Name seconds: 'Data Table'!$G$5:$G$24

Sheet Instructions
B2: Brushed / Brushless Motor - version20a - 2023
B3: This spreadsheet calculates the mass and moment of inertia for a rotary weapon made up of rings (tubes), disks, and rectangular bars sharing a common center of rotation. Combine elements that make up your weapon. Drums are rings with two disks for ends (calculate as one double thickness disk). Complex items of known MoI may be entered directly as a 'Custom Element'.
B4: The spreadsheet also calculates the kinetic energy and approximate spin-up time for the weapon when powered by a specific BLDC electric motor and reduction. The example numbers provided with the spreadsheet are for a 'Propdrive 5060 380Kv' BLDC motor geared 2.5:1 spinning a 420mm x 75mm x 24mm steel bar.
B5: Fill in the blue information boxes on the 'Calculations' sheet as appropriate -- set the thickness of any unused elements to zero. Note that the calculations do not include the inertia of the motor rotor or gear train, and neither do they account for aerodynamic drag on the weapon.
B6: Brushless motors - This spreadsheet correctly models the 'soft-start' feature of 'SimonK' or similar controller firmware. Modeling the motor requires only voltage, RPM per volt (Kv), internal resistance (Ri), and the number of magnetic poles.
B7: Brushed motors - Selecting the 'Brushed' radio button in the 'Motor and Drive' input section will remove all soft-start calculations. A calculator to assist in determining the internal resistance (Ri) of a brushed motor given the stall current is provided at the bottom of this page - scroll down.
B8: How much kinetic energy is enough? (Updated 2016) Current tournament results show that a good design with 50 joules of stored energy per pound of the weight class is 'plenty', but some 'bots claim a great deal more. Examples:
B9: - Top-ranked antweight 'Algos' stores about 120 joules per pound in its direct-drive drumette.
B10: - Feared heavyweight 'Last Rites' can store upwards of 400 joules per pound in it's massive spinning bar.
B11: How fast should your weapon spin-up? Aim for at least 20 joules per pound in the first two seconds. You may get a little more time in large arenas (less in small ones), and you can buy some extra time if your 'bot is nimble enough to protect the weapon from premature impact by dodging.
B12: Battery - The battery capacity calculation assumes that each weapon hit completely dissipates the energy stored in the weapon, and that the weapon motor draws 5% of stall current to maintain the weapon at speed.
B13: NEW to version 20a: The battery section of the spreadsheet now asks for the resistance per battery cell to calculate total system resitance in the motor torque and current calculations - a reasonable default value is 8 mW per cell.
B14: Click on the 'Calculations' tab below to go to the main worksheet.
C16: Brushed Motor 'Ri' Calculator
C17: Stall Current | D17: 192 | E17: amps
C18: @ Voltage | D18: 14.8 | E18: volts
C19: Ri | D19: =1000*D18/D17 -> 77.083333 | E19: mW

Sheet Calculations
B2: Combat Robot Rotary Weapon Moment of Inertia, Spin-Up Time, and Battery Requirement
B4: For a disk | C4: Material Density | E4: 4500 | F4: kg / m3 | H4: Motor and Drive | I4: Voltage | L4: 22.2 | M4: volts
C5: Radius | E5: 0 | F5: meter | I5: Kv | L5: 550 | M5: rpm / volt
C6: Thickness | E6: 0 | F6: mm | I6: Ri | L6: 24.1 | M6: mW
C7: Moment of Inertia | E7: =0.5*E8*(E5^2) -> 0 | F7: kg-m2 | I7: Poles | L7: 10 | M7: =IF('Data Table'!$A$2=1,"- n/a -","magnets") -> magnets
C8: Mass | E8: =3.14159*(E5^2)*(E6/1000)*E4 -> 0 | F8: kilos | I8: Gear Reduction | L8: 1.5 | M8: to 1
B10: For a ring or tube | C10: Material Density | E10: 7800 | F10: kg / m3 | H10: SimonK | I10: Commutation Max | L10: 1024 | M10: =IF('Data Table'!$A$2=1,"- n/a -","μ-sec") -> μ-sec
C11: Height (Length) | E11: 0.2 | F11: meter | H11: Soft Start | I11: Power Max | L11: 0.25 | M11: =IF('Data Table'!$A$2=1,"- n/a -","pulse") -> pulse
C12: Outer Radius | E12: 0.05 | F12: meter
C13: Wall Thickness | E13: 10 | F13: mm | H13: Results | I13: At: | L13: 0.95 | M13: max RPM
C14: Moment of Inertia | E14: =0.5*E15*(E12^2+(E12-(E13/1000))^2) -> 0.0090421243 | F14: kg-m2 | I14: Weapon speed: | L14: =VLOOKUP($L$13,'Data Table'!$F$6:$I$24,3,FALSE) -> 7733 | M14: RPM
C15: Mass | E15: =3.14159*E10*E11*(E12^2-((E12-(E13/1000))^2)) -> 4.4107924 | F15: kilos | I15: Tip speed: | L15: =ROUND(MAX($E$12,$E$5,$E$25,($E$18/2))*(2*3.14159)*(L14/60),0) -> 97 | M15: m/sec
I16: Energy storage: | L16: =VLOOKUP($L$13,'Data Table'!$F$6:$I$24,4,FALSE) -> 2980.6782 | M16: joules
B17: For a bar | C17: Material Density | E17: 0 | F17: kg/m3 | I17: Elapsed time: | L17: =VLOOKUP($L$13,'Data Table'!$F$6:$I$24,2,FALSE) -> 3.5330389 | M17: seconds
C18: Length | E18: 0.24 | F18: meter
C19: Width | E19: 0.041 | F19: meter | H19: Battery | I19: Resistance per cell | L19: 8 | M19: mW
C20: Thickness | E20: 12 | F20: mm | I20: Match length | L20: 3 | M20: minutes
C21: Moment of Inertia | E21: =(E22/12)*(E18^2+E19^2) -> 0 | F21: kg-m2 | I21: Spin-ups | L21: 8 | M21: per match
C22: Mass | E22: =E18*E19*(E20/1000)*E17 -> 0 | F22: kilos | I22: Power required | L22: =('Data Table'!I24/(1800*L4))*L21+('Data Table'!$G$2*0.05)*(L20/60) -> 1.3664966 | M22: amp hours
B24: Custom Element | C24: Known MOI | E24: 0 | F24: kg-m2 | H24: Conversions | K24: Density | M24: kg/m3
C25: Tip Radius | E25: 0 | F25: meter | H25: oz-in → N-m | K25: Steel | M25: 7800
H26: 1370 | I26: =H26/141.69 -> 9.6689957 | K26: Titanium | M26: 4500 | P26: Run Amok Combat Robotics
B27: Total | C27: Mass | E27: =$E$15+$E$8+$E$22 -> 4.4107924 | F27: kilos | H27: inches → meters | K27: Aluminum | M27: 2760
C28: Moment of Inertia | E28: =$E$14+$E$7+$E$21+$E$24 -> 0.0090421243 | F28: kg-m2 | H28: 16 | I28: =H28/39.37 -> 0.40640081 | K28: Magnesuim | M28: 1770 | P28: Spreadsheet copyright 2007 - 2023 by Mark Joerger
H29: kilos → pounds | K29: Carbon Fiber | M29: 1600 | P29: Battery Power Calcs 2008 by Michael Maples
H30: 0.38 | I30: =H30/0.4536 -> 0.8377425 | K30: Lexan | M30: 1200

Sheet Data Table
A1: Key | B1: Time Constant | C1: Time' | D1: Max RPM | E1: MOI | F1: Torque | G1: Amps | H1: Ratio | I1: Cutover | J1: Total Ri
A2: 2 | B2: =((((Calculations!L4*Calculations!L5)/Calculations!$L$8)*0.105)/($F$2*Calculations!$L$8))*Calculations!$E$28 -> 0.96395138 | C2: =B2*(1/Calculations!$L$11) -> 3.8558055 | D2: =(Calculations!L4*Calculations!L5)/Calculations!L8 -> 8140 | E2: =Calculations!$E$28 -> 0.0090421243 | F2: =((1352/Calculations!$L$5)*(Calculations!$L$4/(J2/1000)))/(141.61) -> 5.3448779 | G2: =1000*Calculations!L4/J2 -> 307.90569 | H2: =Calculations!L8 -> 1.5 | I2: =IF(A2=1,0,(60/(Calculations!L7*3*(Calculations!L10/1000000)))/$H$2) -> 1302.0833 | J2: =Calculations!L6+(Calculations!L19*Calculations!L4/3.7) -> 72.1
B4: Seconds Full | C4: Gain | D4: Seconds' | E4: Gain' | F4: % RPM | G4: Seconds | H4: RPM | I4: Joules | J4: Amps
B5: 0 | C5: --- | D5: 0 | E5: --- | F5: 0 | G5: 0 | H5: 0 | I5: 0 | J5: =IF(H5<$I$2,(1-F5)*$G$2/(1/Calculations!$L$11),(1-F5)*$G$2) -> 76.976422
B6: =-($B$2*LN(1-F6)) -> 0.049444242 | C6: =B6-B5 -> 0.049444242 | D6: =-($C$2*LN(1-F6)) -> 0.19777697 | E6: =D6-D5 -> 0.19777697 | F6: 0.05 | G6: =IF(H5<$I$2,G5+E6,G5+C6) -> 0.19777697 | H6: =$D$2*$F6 -> 407 | I6: =0.5*$E$2*(H6*0.105)^2 -> 8.2567264 | J6: =IF(H6<$I$2,(1-F6)*$G$2/(1/Calculations!$L$11),(1-F6)*$G$2) -> 73.127601
B7: =-($B$2*LN(1-F7)) -> 0.10156241 | C7: =B7-B6 -> 0.052118173 | D7: =-($C$2*LN(1-F7)) -> 0.40624966 | E7: =D7-D6 -> 0.20847269 | F7: 0.1 | G7: =IF(H6<$I$2,G6+E7,G6+C7) -> 0.40624966 | H7: =$D$2*$F7 -> 814 | I7: =0.5*$E$2*(H7*0.105)^2 -> 33.026906 | J7: =IF(H7<$I$2,(1-F7)*$G$2/(1/Calculations!$L$11),(1-F7)*$G$2) -> 69.278779
B8: =-($B$2*LN(1-F8)) -> 0.15666035 | C8: =B8-B7 -> 0.055097932 | D8: =-($C$2*LN(1-F8)) -> 0.62664139 | E8: =D8-D7 -> 0.22039173 | F8: 0.15 | G8: =IF(H7<$I$2,G7+E8,G7+C8) -> 0.62664139 | H8: =$D$2*$F8 -> 1221 | I8: =0.5*$E$2*(H8*0.105)^2 -> 74.310538 | J8: =IF(H8<$I$2,(1-F8)*$G$2/(1/Calculations!$L$11),(1-F8)*$G$2) -> 65.429958
B9: =-($B$2*LN(1-F9)) -> 0.21509953 | C9: =B9-B8 -> 0.058439188 | D9: =-($C$2*LN(1-F9)) -> 0.86039814 | E9: =D9-D8 -> 0.23375675 | F9: 0.2 | G9: =IF(H8<$I$2,G8+E9,G8+C9) -> 0.86039814 | H9: =$D$2*$F9 -> 1628 | I9: =0.5*$E$2*(H9*0.105)^2 -> 132.10762 | J9: =IF(H9<$I$2,(1-F9)*$G$2/(1/Calculations!$L$11),(1-F9)*$G$2) -> 246.32455
B10: =-($B$2*LN(1-F10)) -> 0.27731153 | C10: =B10-B9 -> 0.062211997 | D10: =-($C$2*LN(1-F10)) -> 1.1092461 | E10: =D10-D9 -> 0.24884799 | F10: 0.25 | G10: =IF(H9<$I$2,G9+E10,G9+C10) -> 0.92261014 | H10: =$D$2*$F10 -> 2035 | I10: =0.5*$E$2*(H10*0.105)^2 -> 206.41816 | J10: =IF(H10<$I$2,(1-F10)*$G$2/(1/Calculations!$L$11),(1-F10)*$G$2) -> 230.92926
B11: =-($B$2*LN(1-F11)) -> 0.34381731 | C11: =B11-B10 -> 0.066505774 | D11: =-($C$2*LN(1-F11)) -> 1.3752692 | E11: =D11-D10 -> 0.2660231 | F11: 0.3 | G11: =IF(H10<$I$2,G10+E11,G10+C11) -> 0.98911591 | H11: =$D$2*$F11 -> 2442 | I11: =0.5*$E$2*(H11*0.105)^2 -> 297.24215 | J11: =IF(H11<$I$2,(1-F11)*$G$2/(1/Calculations!$L$11),(1-F11)*$G$2) -> 215.53398
B12: =-($B$2*LN(1-F12)) -> 0.41525379 | C12: =B12-B11 -> 0.071436482 | D12: =-($C$2*LN(1-F12)) -> 1.6610152 | E12: =D12-D11 -> 0.28574593 | F12: 0.35 | G12: =IF(H11<$I$2,G11+E12,G11+C12) -> 1.0605524 | H12: =$D$2*$F12 -> 2849 | I12: =0.5*$E$2*(H12*0.105)^2 -> 404.5796 | J12: =IF(H12<$I$2,(1-F12)*$G$2/(1/Calculations!$L$11),(1-F12)*$G$2) -> 200.1387
B13: =-($B$2*LN(1-F13)) -> 0.49241107 | C13: =B13-B12 -> 0.077157279 | D13: =-($C$2*LN(1-F13)) -> 1.9696443 | E13: =D13-D12 -> 0.30862911 | F13: 0.4 | G13: =IF(H12<$I$2,G12+E13,G12+C13) -> 1.1377097 | H13: =$D$2*$F13 -> 3256 | I13: =0.5*$E$2*(H13*0.105)^2 -> 528.43049 | J13: =IF(H13<$I$2,(1-F13)*$G$2/(1/Calculations!$L$11),(1-F13)*$G$2) -> 184.74341
B14: =-($B$2*LN(1-F14)) -> 0.5762858 | C14: =B14-B13 -> 0.083874737 | D14: =-($C$2*LN(1-F14)) -> 2.3051432 | E14: =D14-D13 -> 0.33549895 | F14: 0.45 | G14: =IF(H13<$I$2,G13+E14,G13+C14) -> 1.2215844 | H14: =$D$2*$F14 -> 3663 | I14: =0.5*$E$2*(H14*0.105)^2 -> 668.79484 | J14: =IF(H14<$I$2,(1-F14)*$G$2/(1/Calculations!$L$11),(1-F14)*$G$2) -> 169.34813
B15: =-($B$2*LN(1-F15)) -> 0.66816018 | C15: =B15-B14 -> 0.09187438 | D15: =-($C$2*LN(1-F15)) -> 2.6726407 | E15: =D15-D14 -> 0.36749752 | F15: 0.5 | G15: =IF(H14<$I$2,G14+E15,G14+C15) -> 1.3134588 | H15: =$D$2*$F15 -> 4070 | I15: =0.5*$E$2*(H15*0.105)^2 -> 825.67264 | J15: =IF(H15<$I$2,(1-F15)*$G$2/(1/Calculations!$L$11),(1-F15)*$G$2) -> 153.95284
B16: =-($B$2*LN(1-F16)) -> 0.7697226 | C16: =B16-B15 -> 0.10156241 | D16: =-($C$2*LN(1-F16)) -> 3.0788904 | E16: =D16-D15 -> 0.40624966 | F16: 0.55 | G16: =IF(H15<$I$2,G15+E16,G15+C16) -> 1.4150212 | H16: =$D$2*$F16 -> 4477 | I16: =0.5*$E$2*(H16*0.105)^2 -> 999.0639 | J16: =IF(H16<$I$2,(1-F16)*$G$2/(1/Calculations!$L$11),(1-F16)*$G$2) -> 138.55756
B17: =-($B$2*LN(1-F17)) -> 0.88325972 | C17: =B17-B16 -> 0.11353712 | D17: =-($C$2*LN(1-F17)) -> 3.5330389 | E17: =D17-D16 -> 0.45414848 | F17: 0.6 | G17: =IF(H16<$I$2,G16+E17,G16+C17) -> 1.5285583 | H17: =$D$2*$F17 -> 4884 | I17: =0.5*$E$2*(H17*0.105)^2 -> 1188.9686 | J17: =IF(H17<$I$2,(1-F17)*$G$2/(1/Calculations!$L$11),(1-F17)*$G$2) -> 123.16227
B18: =-($B$2*LN(1-F18)) -> 1.0119775 | C18: =B18-B17 -> 0.12871777 | D18: =-($C$2*LN(1-F18)) -> 4.04791 | E18: =D18-D17 -> 0.51487108 | F18: 0.65 | G18: =IF(H17<$I$2,G17+E18,G17+C18) -> 1.6572761 | H18: =$D$2*$F18 -> 5291 | I18: =0.5*$E$2*(H18*0.105)^2 -> 1395.3868 | J18: =IF(H18<$I$2,(1-F18)*$G$2/(1/Calculations!$L$11),(1-F18)*$G$2) -> 107.76699
B19: =-($B$2*LN(1-F19)) -> 1.1605712 | C19: =B19-B18 -> 0.14859376 | D19: =-($C$2*LN(1-F19)) -> 4.642285 | E19: =D19-D18 -> 0.59437504 | F19: 0.7 | G19: =IF(H18<$I$2,G18+E19,G18+C19) -> 1.8058699 | H19: =$D$2*$F19 -> 5698 | I19: =0.5*$E$2*(H19*0.105)^2 -> 1618.3184 | J19: =IF(H19<$I$2,(1-F19)*$G$2/(1/Calculations!$L$11),(1-F19)*$G$2) -> 92.371706 | M19: Brushed Motor 'Ri' Calculator
B20: =-($B$2*LN(1-F20)) -> 1.3363204 | C20: =B20-B19 -> 0.17574912 | D20: =-($C$2*LN(1-F20)) -> 5.3452815 | E20: =D20-D19 -> 0.70299647 | F20: 0.75 | G20: =IF(H19<$I$2,G19+E20,G19+C20) -> 1.981619 | H20: =$D$2*$F20 -> 6105 | I20: =0.5*$E$2*(H20*0.105)^2 -> 1857.7634 | J20: =IF(H20<$I$2,(1-F20)*$G$2/(1/Calculations!$L$11),(1-F20)*$G$2) -> 76.976422 | M20: Stall Current | N20: 192 | O20: amps
B21: =-($B$2*LN(1-F21)) -> 1.5514199 | C21: =B21-B20 -> 0.21509953 | D21: =-($C$2*LN(1-F21)) -> 6.2056796 | E21: =D21-D20 -> 0.86039814 | F21: 0.8 | G21: =IF(H20<$I$2,G20+E21,G20+C21) -> 2.1967185 | H21: =$D$2*$F21 -> 6512 | I21: =0.5*$E$2*(H21*0.105)^2 -> 2113.722 | J21: =IF(H21<$I$2,(1-F21)*$G$2/(1/Calculations!$L$11),(1-F21)*$G$2) -> 61.581137 | M21: @ Voltage | N21: 14.8 | O21: volts
B22: =-($B$2*LN(1-F22)) -> 1.8287314 | C22: =B22-B21 -> 0.27731153 | D22: =-($C$2*LN(1-F22)) -> 7.3149257 | E22: =D22-D21 -> 1.1092461 | F22: 0.85 | G22: =IF(H21<$I$2,G21+E22,G21+C22) -> 2.47403 | H22: =$D$2*$F22 -> 6919 | I22: =0.5*$E$2*(H22*0.105)^2 -> 2386.1939 | J22: =IF(H22<$I$2,(1-F22)*$G$2/(1/Calculations!$L$11),(1-F22)*$G$2) -> 46.185853 | M22: Ri | N22: =1000*N21/N20 -> 77.083333 | O22: mW
B23: =-($B$2*LN(1-F23)) -> 2.2195801 | C23: =B23-B22 -> 0.39084865 | D23: =-($C$2*LN(1-F23)) -> 8.8783203 | E23: =D23-D22 -> 1.5633946 | F23: 0.9 | G23: =IF(H22<$I$2,G22+E23,G22+C23) -> 2.8648787 | H23: =$D$2*$F23 -> 7326 | I23: =0.5*$E$2*(H23*0.105)^2 -> 2675.1794 | J23: =IF(H23<$I$2,(1-F23)*$G$2/(1/Calculations!$L$11),(1-F23)*$G$2) -> 30.790569
B24: =-($B$2*LN(1-F24)) -> 2.8877403 | C24: =B24-B23 -> 0.66816018 | D24: =-($C$2*LN(1-F24)) -> 11.550961 | E24: =D24-D23 -> 2.6726407 | F24: 0.95 | G24: =IF(H23<$I$2,G23+E24,G23+C24) -> 3.5330389 | H24: =$D$2*$F24 -> 7733 | I24: =0.5*$E$2*(H24*0.105)^2 -> 2980.6782 | J24: =IF(H24<$I$2,(1-F24)*$G$2/(1/Calculations!$L$11),(1-F24)*$G$2) -> 15.395284
B26: =-($B$2*LN(1-F26)) -> 0.96415956 | C26: =B26-B$17 -> 0.080899846 | D26: =-($C$2*LN(1-F26)) -> 3.8566383 | E26: =D26-D$17 -> 0.32359938 | F26: 0.6322 | G26: =IF(H17<$I$2,G$17+E26,G$17+C26) -> 1.6094582 | H26: =$D$2*$F26 -> 5146.108 | I26: =0.5*$E$2*(H26*0.105)^2 -> 1320.0089 | J26: =IF(H26<$I$2,(1-F26)*$G$2/(1/Calculations!$L$11),(1-F26)*$G$2) -> 113.24771
